{
	"class_name" : "PinholeCameraTrajectory",
	"extrinsic" : 
	[
		[
			0.81472395504857953,
			0.03882427386778016,
			0.57854779649449872,
			0.0,
			0.032176361179769693,
			-0.9992456484138097,
			0.021744330463233201,
			0.0,
			0.57895557588750224,
			0.00089993594487821835,
			-0.81535859059929328,
			0.0,
			3459.6173598630721,
			1074.4789068194007,
			3250.6053404087738,
			1.0
		]
	],
	"intrinsic" : 
	{
		"height" : 1080,
		"intrinsic_matrix" : 
		[
			935.30743608719376,
			0.0,
			0.0,
			0.0,
			935.30743608719376,
			0.0,
			539.5,
			539.5,
			1.0
		],
		"width" : 1080
	},
	"version_major" : 1,
	"version_minor" : 0
}