{
	"class_name" : "PinholeCameraTrajectory",
	"extrinsic" : 
	[
		[
			0.98100559069029725,
			-0.091619562027662499,
			-0.1709792001625941,
			0.0,
			-0.0922421810508917,
			-0.99572724654832823,
			0.0043163081747660719,
			0.0,
			-0.17064410645948377,
			0.011537171886746907,
			-0.9852651838949249,
			0.0,
			-259.94705384332326,
			497.37074468162041,
			4123.2288293402871,
			1.0
		]
	],
	"intrinsic" : 
	{
		"height" : 1080,
		"intrinsic_matrix" : 
		[
			935.30743608719376,
			0.0,
			0.0,
			0.0,
			935.30743608719376,
			0.0,
			959.5,
			539.5,
			1.0
		],
		"width" : 1920
	},
	"version_major" : 1,
	"version_minor" : 0
}