{
	"class_name" : "PinholeCameraTrajectory",
	"extrinsic" : 
	[
		[
			1.0,
			-0.0,
			-0.0,
			0.0,
			0.0,
			-1.0,
			-0.0,
			0.0,
			0.0,
			-0.0,
			-1.0,
			0.0,
			3075.653672819974,
			839.51878038076245,
			9765.2022830602637,
			1.0
		]
	],
	"intrinsic" : 
	{
		"height" : 1080,
		"intrinsic_matrix" : 
		[
			935.30743608719376,
			0.0,
			0.0,
			0.0,
			935.30743608719376,
			0.0,
			539.5,
			539.5,
			1.0
		],
		"width" : 1080
	},
	"version_major" : 1,
	"version_minor" : 0
}