{
	"class_name" : "PinholeCameraTrajectory",
	"extrinsic" : 
	[
		[
			0.99717220927760897,
			-0.070267666450755481,
			0.026646577565948869,
			0.0,
			-0.054118371022711761,
			-0.42542301572050556,
			0.90337503818354348,
			0.0,
			-0.052141988476283409,
			-0.90226255200292771,
			-0.4280227801074416,
			0.0,
			122.73638737734314,
			-549.37727116729923,
			4012.7565643571634,
			1.0
		]
	],
	"intrinsic" : 
	{
		"height" : 1080,
		"intrinsic_matrix" : 
		[
			935.30743608719376,
			0.0,
			0.0,
			0.0,
			935.30743608719376,
			0.0,
			959.5,
			539.5,
			1.0
		],
		"width" : 1920
	},
	"version_major" : 1,
	"version_minor" : 0
}