{
    "width": 1280,
    "height": 720,
    "intrinsic_matrix": [
        657.8645629882812,
        0,
        0,
        0,
        657.8645629882812,
        0,
        636.4199829101562,
        356.2623291015625,
        1
    ]
}