{
    "width": 1280,
    "intrinsic_matrix": [
        944.4125366210938,
        0,
        0,
        0,
        944.4125366210938,
        0,
        637.8131103515625,
        354.3303527832031,
        1
    ],
    "height": 720
}